Product name,Price,Stock,Image,Link
IQ ANGEL Peekaboo Smart Rattle,"Rp 84,700",Stok Habis,https://cdnapi.sooplai.com/media/products/183212/TOYS-IQAN-015A-1.jpg,https://www.orami.co.id/shopping/product/iq-angel-peekaboo-smart-rattle
Cocolatte CL 898 Red,"Rp 1,209,450",Stok Habis,https://cdnapi.sooplai.com/media/products/177925/seat-coco-004a.jpg,https://www.orami.co.id/shopping/product/cocolatte-cl-898-red
Lucky Baby Corner Cushions (Isi 4),"Rp 49,900",Stok Habis,https://cdnapi.sooplai.com/media/products/177969/PROF-LUCK-002A.jpg,https://www.orami.co.id/shopping/product/lucky-baby-corner-cushions-isi-4
Crown Snuggle 6in1 Super Hipseat Carrier Red,"Rp 320,000",Stok Habis,https://cdnapi.sooplai.com/media/products/185239/CARR-CROW-001A-1.jpg,https://www.orami.co.id/shopping/product/crown-snuggle-6in1-super-hipseat-carrier
Doona Liki Trike S5 - Racing Green,"Rp 3,390,000",Stok Habis,https://cdnapi.sooplai.com/media/products/187605/STRO-DOON-003A-1.jpg,https://www.orami.co.id/shopping/product/doona-liki-trike-s5-racing-green
Doona Infant Car Seat-Flame Red - Stroller,"Rp 6,499,000",Stok Habis,https://cdnapi.sooplai.com/media/products/187604/SEAT-DOON-001B-1.jpg,https://www.orami.co.id/shopping/product/doona-infant-car-seat-flame-red-stroller
Doona Liki Trike S1 - Grey Hound,"Rp 3,390,000",Stok Habis,https://cdnapi.sooplai.com/media/products/187603/STRO-DOON-002A-1.jpg,https://www.orami.co.id/shopping/product/doona-liki-trike-s1-grey-hound
Doona Infant Car Seat-Royal Blue - Stroller,"Rp 6,499,000",Stok Habis,https://cdnapi.sooplai.com/media/products/187599/SEAT-DOON-001D-1.jpg,https://www.orami.co.id/shopping/product/doona-infant-car-seat-royal-blue-stroller
Doona Liki Trike S1 - Flame Red,"Rp 3,390,000",Stok Habis,https://cdnapi.sooplai.com/media/products/187598/STRO-DOON-002B-1.jpg,https://www.orami.co.id/shopping/product/doona-liki-trike-s1-flame-red
ABC Design Confort Seat Liner - Street 91323702,"Rp 690,000",Stok Habis,https://cdnapi.sooplai.com/media/products/185777/STRO-ABCN-005B-1.jpg,https://www.orami.co.id/shopping/product/abc-design-confort-seat-liner-street-91323702
ABC Design Stroller Pupair - Azur 12001101917,"Rp 4,900,000",Stok Habis,https://cdnapi.sooplai.com/media/products/185766/STRO-ABCN-001B-1.jpg,https://www.orami.co.id/shopping/product/abc-design-stroller-pupair-azur-12001101917
Promo CBX - Carrier Aton Comfy Include Etu Adapter Grey,"Rp 1,190,000",Stok Habis,https://cdnapi.sooplai.com/media/products/181446/SEAT-CBX0-005A-SPC-1.jpg,https://www.orami.co.id/shopping/product/promo-cbx-carrier-aton-comfy-include-etu-adapter-grey
I-Angel Carriers Rainbow Floral Navy,"Rp 2,790,000",Stok Habis,https://cdnapi.sooplai.com/media/products/177604/CARR-NGEL-001B-1.jpg,https://www.orami.co.id/shopping/product/i-angel-carriers-rainbow-floral-navy
I-Angel Carriers Rainbow Solid Green,"Rp 2,790,000",Stok Habis,https://cdnapi.sooplai.com/media/products/177602/CARR-NGEL-001D-1.jpg,https://www.orami.co.id/shopping/product/i-angel-carriers-rainbow-solid-green
I-Angel Carriers Rainbow Solid Violet,"Rp 2,790,000",Stok Habis,https://cdnapi.sooplai.com/media/products/177601/CARR-NGEL-001F-1.jpg,https://www.orami.co.id/shopping/product/i-angel-carriers-rainbow-solid-violet
Babiators Keyhole Pretty in Pink Junior Ages 3-5 Screen Savers,"Rp 299,000",Stok Habis,https://cdnapi.sooplai.com/media/products/188310/ACCE-BABI-003A-PINK-1.jpg,https://www.orami.co.id/shopping/product/babiators-keyhole-pretty-in-pink-junior-ages-3-5-screen-savers
Babiators Keyhole Pretty in Pink Junior Ages 6+ Screen Savers,"Rp 299,000",Stok Habis,https://cdnapi.sooplai.com/media/products/188307/ACCE-BABI-003A-PINK-1.jpg,https://www.orami.co.id/shopping/product/babiators-keyhole-pretty-in-pink-junior-ages-6-screen-savers
Babiators Navigator Blue Crush Junior Ages 6 + Screen Savers,"Rp 299,000",Stok Habis,https://cdnapi.sooplai.com/media/products/188306/ACCE-BABI-002A-BLUE-1.jpg,https://www.orami.co.id/shopping/product/babiators-navigator-blue-crush-junior-ages-6-screen-savers
Babiators Navigator Think Pink Junior Ages 6+ Screen Savers,"Rp 299,000",Stok Habis,https://cdnapi.sooplai.com/media/products/188304/ACCE-BABI-002A-PINK-1.jpg,https://www.orami.co.id/shopping/product/babiators-navigator-think-pink-junior-ages-6-screen-savers
Babiators Navigator Black Ops Black Junior Ages 6+ Screen Savers,"Rp 299,000",Stok Habis,https://cdnapi.sooplai.com/media/products/188299/ACCE-BABI-002A-BLCK-1.jpg,https://www.orami.co.id/shopping/product/babiators-navigator-black-ops-black-junior-ages-6-screen-savers
I-Angel Carriers Irene Floral Black,"Rp 2,090,000",Stok Habis,https://cdnapi.sooplai.com/media/products/177600/CARR-NGEL-002A.jpg,https://www.orami.co.id/shopping/product/i-angel-carriers-irene-floral-black
I-Angel Carriers Irene Floral Mint,"Rp 2,090,000",Stok Habis,https://cdnapi.sooplai.com/media/products/177598/CARR-NGEL-002C.jpg,https://www.orami.co.id/shopping/product/i-angel-carriers-irene-floral-mint
I-Angel Carriers Irene Solid Mint,"Rp 2,090,000",Stok Habis,https://cdnapi.sooplai.com/media/products/177597/carr-ngel-002f-1-2.jpg,https://www.orami.co.id/shopping/product/i-angel-carriers-irene-solid-mint
I-Angel Carriers Irene Solid Navy,"Rp 2,090,000",Stok Habis,https://cdnapi.sooplai.com/media/products/177596/carr-ngel-002g-1-2.jpg,https://www.orami.co.id/shopping/product/i-angel-carriers-irene-solid-navy
I-Angel Carriers Josh Black,"Rp 2,090,000",Stok Habis,https://cdnapi.sooplai.com/media/products/177595/carr-ngel-003a-1-2.jpg,https://www.orami.co.id/shopping/product/i-angel-carriers-josh-black
I-Angel Carriers Josh Dark Green,"Rp 2,090,000",Stok Habis,https://cdnapi.sooplai.com/media/products/177593/CARR-NGEL-003C.jpg,https://www.orami.co.id/shopping/product/i-angel-carriers-josh-dark-green
I-Angel Carriers Denim Solid,"Rp 2,090,000",Stok Habis,https://cdnapi.sooplai.com/media/products/177592/carr-ngel-003d-1-2.jpg,https://www.orami.co.id/shopping/product/i-angel-carriers-denim-solid
I-Angel Carriers Denim Starlit,"Rp 2,090,000",Stok Habis,https://cdnapi.sooplai.com/media/products/177591/carr-ngel-003e-1-2.jpg,https://www.orami.co.id/shopping/product/i-angel-carriers-denim-starlit
Tolo Puzzle Ball,"Rp 202,900",Stok Habis,https://cdnapi.sooplai.com/media/products/178720/toys-tolo-039a.jpg,https://www.orami.co.id/shopping/product/tolo-puzzle-ball
Fun Time Nursery Gift Set,"Rp 101,900",Stok Habis,https://cdnapi.sooplai.com/media/products/178709/TOYS-FUNT-035A-1-1.jpg,https://www.orami.co.id/shopping/product/fun-time-nursery-gift-set
